{
  "BRCA1": {
    "xgb_weight": 0.7,
    "mlp_weight": 0.3,
    "method": "optimized",
    "cal_auc": 0.760593,
    "test_auc": 0.698897,
    "default_test_auc": 0.699572,
    "n_cal": 1086,
    "n_test": 1087,
    "all_aucs": [
      [
        0.0,
        1.0,
        0.739147
      ],
      [
        0.05,
        0.95,
        0.748544
      ],
      [
        0.1,
        0.9,
        0.752132
      ],
      [
        0.15,
        0.85,
        0.754126
      ],
      [
        0.2,
        0.8,
        0.755201
      ],
      [
        0.25,
        0.75,
        0.756813
      ],
      [
        0.3,
        0.7,
        0.757646
      ],
      [
        0.35,
        0.65,
        0.758443
      ],
      [
        0.4,
        0.6,
        0.758859
      ],
      [
        0.45,
        0.55,
        0.759327
      ],
      [
        0.5,
        0.5,
        0.759483
      ],
      [
        0.55,
        0.45,
        0.759934
      ],
      [
        0.6,
        0.4,
        0.759899
      ],
      [
        0.65,
        0.35,
        0.760402
      ],
      [
        0.7,
        0.3,
        0.760593
      ],
      [
        0.75,
        0.25,
        0.76042
      ],
      [
        0.8,
        0.2,
        0.759691
      ],
      [
        0.85,
        0.15,
        0.758894
      ],
      [
        0.9,
        0.1,
        0.758495
      ],
      [
        0.95,
        0.05,
        0.758322
      ],
      [
        1.0,
        0.0,
        0.757282
      ]
    ]
  },
  "BRCA2": {
    "xgb_weight": 0.65,
    "mlp_weight": 0.35,
    "method": "optimized",
    "cal_auc": 0.992472,
    "test_auc": 0.987393,
    "default_test_auc": 0.987234,
    "n_cal": 2018,
    "n_test": 2017,
    "all_aucs": [
      [
        0.0,
        1.0,
        0.984147
      ],
      [
        0.05,
        0.95,
        0.988495
      ],
      [
        0.1,
        0.9,
        0.989378
      ],
      [
        0.15,
        0.85,
        0.989953
      ],
      [
        0.2,
        0.8,
        0.99043
      ],
      [
        0.25,
        0.75,
        0.990836
      ],
      [
        0.3,
        0.7,
        0.991237
      ],
      [
        0.35,
        0.65,
        0.991581
      ],
      [
        0.4,
        0.6,
        0.991815
      ],
      [
        0.45,
        0.55,
        0.992127
      ],
      [
        0.5,
        0.5,
        0.992302
      ],
      [
        0.55,
        0.45,
        0.992359
      ],
      [
        0.6,
        0.4,
        0.992394
      ],
      [
        0.65,
        0.35,
        0.992472
      ],
      [
        0.7,
        0.3,
        0.992415
      ],
      [
        0.75,
        0.25,
        0.992324
      ],
      [
        0.8,
        0.2,
        0.992154
      ],
      [
        0.85,
        0.15,
        0.991939
      ],
      [
        0.9,
        0.1,
        0.991608
      ],
      [
        0.95,
        0.05,
        0.991301
      ],
      [
        1.0,
        0.0,
        0.990443
      ]
    ]
  },
  "PALB2": {
    "xgb_weight": 0.65,
    "mlp_weight": 0.35,
    "method": "optimized",
    "cal_auc": 0.740551,
    "test_auc": 0.639857,
    "default_test_auc": 0.640027,
    "n_cal": 524,
    "n_test": 524,
    "all_aucs": [
      [
        0.0,
        1.0,
        0.71727
      ],
      [
        0.05,
        0.95,
        0.724442
      ],
      [
        0.1,
        0.9,
        0.728768
      ],
      [
        0.15,
        0.85,
        0.730874
      ],
      [
        0.2,
        0.8,
        0.732639
      ],
      [
        0.25,
        0.75,
        0.73372
      ],
      [
        0.3,
        0.7,
        0.73503
      ],
      [
        0.35,
        0.65,
        0.735997
      ],
      [
        0.4,
        0.6,
        0.73651
      ],
      [
        0.45,
        0.55,
        0.738957
      ],
      [
        0.5,
        0.5,
        0.739128
      ],
      [
        0.55,
        0.45,
        0.739299
      ],
      [
        0.6,
        0.4,
        0.739526
      ],
      [
        0.65,
        0.35,
        0.740551
      ],
      [
        0.7,
        0.3,
        0.740494
      ],
      [
        0.75,
        0.25,
        0.740551
      ],
      [
        0.8,
        0.2,
        0.739583
      ],
      [
        0.85,
        0.15,
        0.737306
      ],
      [
        0.9,
        0.1,
        0.734859
      ],
      [
        0.95,
        0.05,
        0.733891
      ],
      [
        1.0,
        0.0,
        0.733322
      ]
    ]
  },
  "RAD51C": {
    "xgb_weight": 0.95,
    "mlp_weight": 0.05,
    "method": "optimized",
    "cal_auc": 0.677284,
    "test_auc": 0.770123,
    "default_test_auc": 0.752346,
    "n_cal": 135,
    "n_test": 135,
    "all_aucs": [
      [
        0.0,
        1.0,
        0.613086
      ],
      [
        0.05,
        0.95,
        0.616543
      ],
      [
        0.1,
        0.9,
        0.622222
      ],
      [
        0.15,
        0.85,
        0.626173
      ],
      [
        0.2,
        0.8,
        0.630864
      ],
      [
        0.25,
        0.75,
        0.634321
      ],
      [
        0.3,
        0.7,
        0.640988
      ],
      [
        0.35,
        0.65,
        0.645185
      ],
      [
        0.4,
        0.6,
        0.651358
      ],
      [
        0.45,
        0.55,
        0.653333
      ],
      [
        0.5,
        0.5,
        0.656049
      ],
      [
        0.55,
        0.45,
        0.659012
      ],
      [
        0.6,
        0.4,
        0.663457
      ],
      [
        0.65,
        0.35,
        0.668148
      ],
      [
        0.7,
        0.3,
        0.669877
      ],
      [
        0.75,
        0.25,
        0.672593
      ],
      [
        0.8,
        0.2,
        0.675062
      ],
      [
        0.85,
        0.15,
        0.674815
      ],
      [
        0.9,
        0.1,
        0.677037
      ],
      [
        0.95,
        0.05,
        0.677284
      ],
      [
        1.0,
        0.0,
        0.676049
      ]
    ]
  },
  "RAD51D": {
    "xgb_weight": 1.0,
    "mlp_weight": 0.0,
    "method": "optimized",
    "cal_auc": 0.865942,
    "test_auc": 0.804952,
    "default_test_auc": 0.806763,
    "n_cal": 82,
    "n_test": 82,
    "all_aucs": [
      [
        0.0,
        1.0,
        0.827899
      ],
      [
        0.05,
        0.95,
        0.830918
      ],
      [
        0.1,
        0.9,
        0.833937
      ],
      [
        0.15,
        0.85,
        0.834541
      ],
      [
        0.2,
        0.8,
        0.835145
      ],
      [
        0.25,
        0.75,
        0.838768
      ],
      [
        0.3,
        0.7,
        0.839372
      ],
      [
        0.35,
        0.65,
        0.843599
      ],
      [
        0.4,
        0.6,
        0.844203
      ],
      [
        0.45,
        0.55,
        0.847222
      ],
      [
        0.5,
        0.5,
        0.847826
      ],
      [
        0.55,
        0.45,
        0.850845
      ],
      [
        0.6,
        0.4,
        0.853261
      ],
      [
        0.65,
        0.35,
        0.852657
      ],
      [
        0.7,
        0.3,
        0.853261
      ],
      [
        0.75,
        0.25,
        0.85628
      ],
      [
        0.8,
        0.2,
        0.857488
      ],
      [
        0.85,
        0.15,
        0.858696
      ],
      [
        0.9,
        0.1,
        0.858696
      ],
      [
        0.95,
        0.05,
        0.862319
      ],
      [
        1.0,
        0.0,
        0.865942
      ]
    ]
  }
}